-- Local src/data 최신값을 Supabase DB에 반영합니다.
-- 실행 위치: Supabase SQL Editor
-- 범위: seasonal_ingredients, menus, menu_seasonal_ingredients, menu_ingredients
-- 주의: 아래 delete는 이 파일에 포함된 메뉴 id의 연결/재료만 교체합니다.

begin;

insert into public.seasonal_ingredients (id, name, season, season_key, emoji) values
  ('dallae', '달래', '봄', 'spring', '🌿'),
  ('naengi', '냉이', '봄', 'spring', '🌱'),
  ('strawberry', '딸기', '봄', 'spring', '🍓'),
  ('jukkumi', '주꾸미', '봄', 'spring', '🐙'),
  ('spring-cabbage', '봄동', '봄', 'spring', '🥬'),
  ('dureup', '두릅', '봄', 'spring', '🌱'),
  ('minari', '미나리', '봄', 'spring', '🌿'),
  ('mugwort', '쑥', '봄', 'spring', '🌿'),
  ('bamboo-shoot', '죽순', '봄', 'spring', '🎍'),
  ('clam', '바지락', '봄', 'spring', '🦪'),
  ('watermelon', '수박', '여름', 'summer', '🍉'),
  ('peach', '복숭아', '여름', 'summer', '🍑'),
  ('corn', '초당옥수수', '여름', 'summer', '🌽'),
  ('tomato', '토마토', '여름', 'summer', '🍅'),
  ('cucumber', '오이', '여름', 'summer', '🥒'),
  ('eggplant', '가지', '여름', 'summer', '🍆'),
  ('melon', '참외', '여름', 'summer', '🍈'),
  ('pepper', '꽈리고추', '여름', 'summer', '🌶️'),
  ('zucchini', '애호박', '여름', 'summer', '🥒'),
  ('perilla-leaf', '깻잎', '여름', 'summer', '🌿'),
  ('potato', '감자', '여름', 'summer', '🥔'),
  ('young-radish', '열무', '여름', 'summer', '🥬'),
  ('plum', '자두', '여름', 'summer', '🍑'),
  ('grape', '포도', '여름', 'summer', '🍇'),
  ('eel', '장어', '여름', 'summer', '🐟'),
  ('gizzard-shad', '전어', '가을', 'autumn', '🐟'),
  ('sweet-potato', '고구마', '가을', 'autumn', '🍠'),
  ('mushroom', '버섯', '가을', 'autumn', '🍄'),
  ('pear', '배', '가을', 'autumn', '🍐'),
  ('chestnut', '밤', '가을', 'autumn', '🌰'),
  ('pumpkin', '단호박', '가을', 'autumn', '🎃'),
  ('apple', '사과', '가을', 'autumn', '🍎'),
  ('shrimp', '대하', '가을', 'autumn', '🦐'),
  ('persimmon', '감', '가을', 'autumn', '🟠'),
  ('fig', '무화과', '가을', 'autumn', '🫐'),
  ('mackerel', '고등어', '가을', 'autumn', '🐟'),
  ('oyster', '굴', '겨울', 'winter', '🦪'),
  ('radish', '무', '겨울', 'winter', '🥬'),
  ('cabbage', '배추', '겨울', 'winter', '🥬'),
  ('mandarin', '귤', '겨울', 'winter', '🍊'),
  ('cod', '대구', '겨울', 'winter', '🐟'),
  ('spinach', '시금치', '겨울', 'winter', '🥬'),
  ('cockle', '꼬막', '겨울', 'winter', '🦪'),
  ('lotus-root', '연근', '겨울', 'winter', '🪷'),
  ('burdock', '우엉', '겨울', 'winter', '🥕'),
  ('hallabong', '한라봉', '겨울', 'winter', '🍊'),
  ('yellowtail', '방어', '겨울', 'winter', '🐟')
on conflict (id) do update set
  name = excluded.name,
  season = excluded.season,
  season_key = excluded.season_key,
  emoji = excluded.emoji;

insert into public.menus (id, name, season, season_key, weather, exp, color, image_fallback) values
  ('spring-herb-bibimbap', '봄나물 비빔밥', '봄', 'spring', '맑은 날', 8900, '#75b84f', '🍽️'),
  ('dallae-soy-noodle', '달래 간장국수', '봄', 'spring', '가벼운 날', 8800, '#6fb85d', '🍽️'),
  ('naengi-soybean-soup', '냉이 된장국', '봄', 'spring', '따뜻한 날', 9600, '#8abd63', '🍽️'),
  ('strawberry-toast', '딸기 프렌치토스트', '봄', 'spring', '브런치 날', 13600, '#f06b7d', '🍽️'),
  ('strawberry-salad', '딸기 리코타 샐러드', '봄', 'spring', '산뜻한 날', 14900, '#ec7184', '🍽️'),
  ('jukkumi-stir-fry', '주꾸미 볶음', '봄', 'spring', '매콤한 날', 14500, '#d96b4f', '🍽️'),
  ('spring-cabbage-geotjeori', '봄동 겉절이', '봄', 'spring', '가벼운 반찬', 9200, '#8abd63', '🍽️'),
  ('dureup-tempura', '두릅 튀김', '봄', 'spring', '바삭한 날', 12600, '#6aa85e', '🍽️'),
  ('minari-pancake', '미나리전', '봄', 'spring', '향긋한 날', 13800, '#52a064', '🍽️'),
  ('mugwort-soup', '쑥국', '봄', 'spring', '향긋한 국물', 9500, '#6ca45c', '🍽️'),
  ('bamboo-shoot-rice', '죽순 솥밥', '봄', 'spring', '아삭한 날', 11100, '#8abf63', '🍽️'),
  ('clam-kalguksu', '바지락 칼국수', '봄', 'spring', '시원한 국물', 12700, '#5c9ab8', '🍽️'),
  ('watermelon-kongguksu', '수박 콩국수', '여름', 'summer', '더운 날', 13200, '#ff8a58', '🍽️'),
  ('watermelon-feta-salad', '수박 페타 샐러드', '여름', 'summer', '가벼운 날', 12000, '#f05d5e', '🍽️'),
  ('watermelon-bingsu', '수박빙수', '여름', 'summer', '달콤한 날', 11800, '#f47f84', '🍽️'),
  ('watermelon-salad', '수박샐러드', '여름', 'summer', '상큼한 날', 11600, '#f05d5e', '🍽️'),
  ('watermelon-hwachae', '수박화채', '여름', 'summer', '시원한 날', 10800, '#f68b8b', '🍽️'),
  ('watermelon-punch', '수박펀치', '여름', 'summer', '파티 메뉴', 9400, '#f27f5b', '🍽️'),
  ('watermelon-juice', '수박주스', '여름', 'summer', '가벼운 날', 10100, '#ee6f6f', '🍽️'),
  ('watermelon-smoothie', '스무디', '여름', 'summer', '간식 시간', 12600, '#ef8a8a', '🍽️'),
  ('watermelon-sherbet', '수박셔벗', '여름', 'summer', '달콤한 날', 11900, '#ef7b8a', '🍽️'),
  ('peach-caprese', '복숭아 카프레제', '여름', 'summer', '입맛 돋는 날', 13500, '#f79d8a', '🍽️'),
  ('peach-yogurt-bowl', '복숭아 요거트볼', '여름', 'summer', '아침 메뉴', 11200, '#ffb39f', '🍽️'),
  ('peach-bingsu', '복숭아빙수', '여름', 'summer', '달콤한 날', 12200, '#ff9f9d', '🍽️'),
  ('peach-cheong', '복숭아청', '여름', 'summer', '달콤한 날', 12500, '#f7a47c', '🍽️'),
  ('peach-compote', '복숭아 콤포트', '여름', 'summer', '부드러운 날', 12300, '#f2a66f', '🍽️'),
  ('peach-jorim', '조림', '여름', 'summer', '달콤한 날', 10500, '#e9a05f', '🍽️'),
  ('peach-salad', '복숭아샐러드', '여름', 'summer', '상큼한 날', 14200, '#ee9a78', '🍽️'),
  ('peach-sangria', '복숭아 상그리아', '여름', 'summer', '파티 메뉴', 12200, '#f08c72', '🍽️'),
  ('peach-smoothie', '복숭아 스무디', '여름', 'summer', '간식 시간', 13600, '#f59b84', '🍽️'),
  ('peach-tart', '복숭아 타르트', '여름', 'summer', '디저트', 15000, '#e7a760', '🍽️'),
  ('peach-cake', '케이크', '여름', 'summer', '디저트', 16200, '#eaa17a', '🍽️'),
  ('corn-pot-rice', '초당옥수수 솥밥', '여름', 'summer', '든든한 날', 8600, '#f4c84d', '🍽️'),
  ('corn-cold-soup', '초당옥수수 냉수프', '여름', 'summer', '가벼운 날', 9200, '#efbd42', '🍽️'),
  ('corn-boiled', '초당옥수수 삶기', '여름', 'summer', '간식 시간', 6500, '#f5c95c', '🍽️'),
  ('corn-grill', '구이', '여름', 'summer', '고소한 날', 7400, '#e9b64f', '🍽️'),
  ('corn-butter-grill', '초당옥수수버터구이', '여름', 'summer', '고소한 날', 8800, '#eeb84d', '🍽️'),
  ('corn-cream-soup', '초당옥수수크림수프', '여름', 'summer', '부드러운 날', 11800, '#efc76a', '🍽️'),
  ('corn-jeon', '초당옥수수전', '여름', 'summer', '비 오는 날', 13100, '#e7b84d', '🍽️'),
  ('corn-rice', '초당옥수수밥', '여름', 'summer', '든든한 날', 7400, '#f1c85d', '🍽️'),
  ('corn-salad', '초당옥수수샐러드', '여름', 'summer', '상큼한 날', 13600, '#edc04c', '🍽️'),
  ('tomato-cold-pasta', '토마토 냉파스타', '여름', 'summer', '더운 날', 14000, '#e85b4f', '🍽️'),
  ('tomato-marinade', '토마토 마리네이드', '여름', 'summer', '상큼한 날', 13100, '#dd5147', '🍽️'),
  ('tomato-pickle', '방울토마토 절임', '여름', 'summer', '상큼한 날', 12500, '#e86658', '🍽️'),
  ('tomato-caprese', '토마토카프레제', '여름', 'summer', '입맛 돋는 날', 11500, '#e9695c', '🍽️'),
  ('tomato-egg-stir-fry', '토마토달걀볶음', '여름', 'summer', '든든한 날', 9600, '#e95f52', '🍽️'),
  ('tomato-salad', '토마토샐러드', '여름', 'summer', '가벼운 날', 12200, '#df5c50', '🍽️'),
  ('tomato-pasta', '토마토파스타', '여름', 'summer', '집밥 먹는 날', 14000, '#d94f48', '🍽️'),
  ('tomato-soup', '토마토수프', '여름', 'summer', '부드러운 날', 10200, '#d95448', '🍽️'),
  ('cucumber-cold-soup', '오이 냉국', '여름', 'summer', '무더운 날', 7700, '#65b96e', '🍽️'),
  ('cucumber-bibim-noodle', '오이 비빔국수', '여름', 'summer', '입맛 돋는 날', 8000, '#68aa58', '🍽️'),
  ('cucumber-oiji', '오이지', '여름', 'summer', '상큼한 날', 7700, '#78b86a', '🍽️'),
  ('cucumber-muchim', '오이무침', '여름', 'summer', '반찬 만드는 날', 12700, '#6daf63', '🍽️'),
  ('cucumber-pickle', '오이피클', '여름', 'summer', '상큼한 날', 10000, '#78bc78', '🍽️'),
  ('cucumber-saengchae', '오이생채', '여름', 'summer', '가벼운 날', 10700, '#69ae62', '🍽️'),
  ('cucumber-sobagi', '오이소박이', '여름', 'summer', '집밥 먹는 날', 11600, '#66a95d', '🍽️'),
  ('cucumber-salad', '오이샐러드', '여름', 'summer', '상큼한 날', 10600, '#6eb66e', '🍽️'),
  ('eggplant-donburi', '가지 덮밥', '여름', 'summer', '든든한 날', 7500, '#7b5ab6', '🍽️'),
  ('eggplant-grill', '가지구이', '여름', 'summer', '가볍게 먹는 날', 10600, '#7f5ab0', '🍽️'),
  ('eggplant-namul', '가지나물', '여름', 'summer', '반찬 만드는 날', 12200, '#7454a4', '🍽️'),
  ('eggplant-jeon', '가지전', '여름', 'summer', '비 오는 날', 10700, '#8a64b7', '🍽️'),
  ('eggplant-pasta', '가지파스타', '여름', 'summer', '집밥 먹는 날', 7700, '#8950a8', '🍽️'),
  ('eggplant-stir-fry', '가지볶음', '여름', 'summer', '반찬 만드는 날', 7300, '#764ca0', '🍽️'),
  ('eggplant-fried', '가지튀김', '여름', 'summer', '간식 시간', 12000, '#8c64b5', '🍽️'),
  ('melon-smoothie', '참외 스무디', '여름', 'summer', '간식 시간', 13200, '#e9c955', '🍽️'),
  ('melon-juice', '참외주스', '여름', 'summer', '가벼운 날', 10500, '#e8c64f', '🍽️'),
  ('melon-ade', '참외에이드', '여름', 'summer', '시원한 날', 9100, '#edcf61', '🍽️'),
  ('melon-hwachae', '참외화채', '여름', 'summer', '달콤한 날', 9000, '#f0d36a', '🍽️'),
  ('melon-muchim', '참외무침', '여름', 'summer', '반찬 만드는 날', 11800, '#e5bf48', '🍽️'),
  ('melon-salad', '참외샐러드', '여름', 'summer', '상큼한 날', 13400, '#e9c95a', '🍽️'),
  ('melon-sobagi', '참외소박이', '여름', 'summer', '집밥 먹는 날', 14500, '#e3bc43', '🍽️'),
  ('pepper-jeon', '꽈리고추전', '여름', 'summer', '반찬 만드는 날', 8200, '#4b9d54', '🍽️'),
  ('pepper-anchovy-stir-fry', '꽈리고추멸치볶음', '여름', 'summer', '반찬 만드는 날', 9800, '#4e9b54', '🍽️'),
  ('pepper-beef-stir-fry', '꽈리고추소고기볶음', '여름', 'summer', '든든한 날', 13300, '#579c52', '🍽️'),
  ('pepper-muchim', '꽈리고추무침', '여름', 'summer', '반찬 만드는 날', 8800, '#4b9651', '🍽️'),
  ('pepper-jangajji', '꽈리고추장아찌', '여름', 'summer', '밑반찬 만드는 날', 8400, '#5aa45a', '🍽️'),
  ('zucchini-pancake', '애호박전', '여름', 'summer', '비 오는 날', 9300, '#77b957', '🍽️'),
  ('zucchini-doenjang-jjigae', '애호박된장찌개', '여름', 'summer', '집밥 먹는 날', 7600, '#78b35a', '🍽️'),
  ('zucchini-jeongol', '애호박전골', '여름', 'summer', '든든한 날', 7500, '#7bb85f', '🍽️'),
  ('zucchini-namul', '애호박나물', '여름', 'summer', '반찬 만드는 날', 9900, '#77ad55', '🍽️'),
  ('zucchini-stir-fry', '애호박볶음', '여름', 'summer', '반찬 만드는 날', 6100, '#72aa52', '🍽️'),
  ('perilla-leaf-rice', '깻잎 쌈밥', '여름', 'summer', '향긋한 날', 7300, '#4f9f5f', '🍽️'),
  ('perilla-jeon', '깻잎전', '여름', 'summer', '비 오는 날', 10300, '#5fa660', '🍽️'),
  ('perilla-kimchi', '깻잎김치', '여름', 'summer', '밑반찬 만드는 날', 10100, '#579d58', '🍽️'),
  ('perilla-jangajji', '깻잎장아찌', '여름', 'summer', '밑반찬 만드는 날', 8800, '#5aa05b', '🍽️'),
  ('potato-salad', '감자 샐러드', '여름', 'summer', '부드러운 날', 11700, '#d6a94a', '🍽️'),
  ('potato-jeon', '감자전', '여름', 'summer', '비 오는 날', 12100, '#d4a748', '🍽️'),
  ('potato-jorim', '감자조림', '여름', 'summer', '반찬 만드는 날', 10100, '#cf9e42', '🍽️'),
  ('potato-soup', '감자수프', '여름', 'summer', '부드러운 날', 7400, '#d9b15b', '🍽️'),
  ('potato-stir-fry', '감자볶음', '여름', 'summer', '반찬 만드는 날', 10000, '#d2a247', '🍽️'),
  ('young-radish-noodle', '열무국수', '여름', 'summer', '시원한 날', 12300, '#67aa54', '🍽️'),
  ('young-radish-bibimbap', '열무비빔밥', '여름', 'summer', '입맛 돋는 날', 10300, '#62a84f', '🍽️'),
  ('young-radish-doenjang-muchim', '열무된장무침', '여름', 'summer', '반찬 만드는 날', 9300, '#6ca957', '🍽️'),
  ('young-radish-kimchi', '열무김치', '여름', 'summer', '밑반찬 만드는 날', 10200, '#68a852', '🍽️'),
  ('plum-ade', '자두 에이드', '여름', 'summer', '새콤한 간식', 11900, '#d85f7a', '🍽️'),
  ('plum-cheong', '자두청', '여름', 'summer', '달콤한 날', 10500, '#ca5375', '🍽️'),
  ('plum-jam', '자두잼', '여름', 'summer', '달콤한 날', 10500, '#bf4d70', '🍽️'),
  ('plum-salad', '자두샐러드', '여름', 'summer', '상큼한 날', 12600, '#cf5a78', '🍽️'),
  ('plum-tart', '자두타르트', '여름', 'summer', '간식 시간', 14000, '#d25b7b', '🍽️'),
  ('grape-yogurt', '포도 요거트볼', '여름', 'summer', '달콤한 간식', 14300, '#7656a8', '🍽️'),
  ('grape-cheong', '포도청', '여름', 'summer', '달콤한 날', 10900, '#7354a8', '🍽️'),
  ('grape-jam', '포도잼', '여름', 'summer', '달콤한 날', 10900, '#6d4ea2', '🍽️'),
  ('grape-juice', '포도주스', '여름', 'summer', '시원한 날', 11300, '#7658ad', '🍽️'),
  ('grape-salad', '포도샐러드', '여름', 'summer', '상큼한 날', 14200, '#7b5bb0', '🍽️'),
  ('eel-rice-bowl', '장어 덮밥', '여름', 'summer', '든든한 보양식', 19900, '#9a6a42', '🍽️'),
  ('eel-baeksuk', '장어백숙', '여름', 'summer', '든든한 보양식', 19300, '#a4784c', '🍽️'),
  ('eel-grill', '장어구이', '여름', 'summer', '든든한 보양식', 20500, '#9e7148', '🍽️'),
  ('eel-jorim', '장어조림', '여름', 'summer', '든든한 보양식', 20100, '#986640', '🍽️'),
  ('eel-soup', '장어탕', '여름', 'summer', '든든한 보양식', 20900, '#8f6a45', '🍽️'),
  ('gizzard-shad-salad', '전어 무침', '가을', 'autumn', '신선한 날', 15100, '#5f9f68', '🍽️'),
  ('gizzard-shad-grill', '전어구이', '가을', 'autumn', '고소한 날', 12200, '#6d9c78', '🍽️'),
  ('gizzard-shad-jorim', '전어조림', '가을', 'autumn', '집밥 먹는 날', 15100, '#689770', '🍽️'),
  ('gizzard-shad-sashimi', '전어회', '가을', 'autumn', '신선한 날', 14700, '#709f86', '🍽️'),
  ('gizzard-shad-ssam', '전어쌈', '가을', 'autumn', '신선한 날', 15700, '#669b72', '🍽️'),
  ('gizzard-shad-fried', '전어튀김', '가을', 'autumn', '바삭한 날', 18600, '#caa55c', '🍽️'),
  ('sweet-potato-gratin', '고구마 그라탕', '가을', 'autumn', '포근한 날', 11600, '#d9853b', '🍽️'),
  ('sweet-potato-roasted', '군고구마', '가을', 'autumn', '포근한 날', 11800, '#c96f63', '🍽️'),
  ('sweet-potato-bread', '고구마빵', '가을', 'autumn', '간식 시간', 10000, '#c87666', '🍽️'),
  ('sweet-potato-cheese-bake', '고구마치즈구이', '가을', 'autumn', '간식 시간', 10200, '#d17a58', '🍽️'),
  ('sweet-potato-makgeolli', '고구마막걸리', '가을', 'autumn', '달콤한 날', 12000, '#b96b7a', '🍽️'),
  ('sweet-potato-matang', '고구마맛탕', '가을', 'autumn', '달콤한 날', 12600, '#d9823a', '🍽️'),
  ('sweet-potato-salad', '고구마샐러드', '가을', 'autumn', '부드러운 날', 12600, '#d99a48', '🍽️'),
  ('sweet-potato-soup', '고구마수프', '가을', 'autumn', '부드러운 날', 7800, '#dba04f', '🍽️'),
  ('sweet-potato-latte', '라떼', '가을', 'autumn', '간식 시간', 9000, '#c4868b', '🍽️'),
  ('sweet-potato-fried', '고구마튀김', '가을', 'autumn', '바삭한 날', 13000, '#d18a3c', '🍽️'),
  ('mushroom-hotpot', '버섯 전골', '가을', 'autumn', '뜨끈한 날', 11300, '#9a7656', '🍽️'),
  ('mushroom-bulgogi', '버섯불고기', '가을', 'autumn', '든든한 날', 17700, '#9b6f4f', '🍽️'),
  ('mushroom-gangjeong', '버섯강정', '가을', 'autumn', '바삭한 날', 13900, '#a36f45', '🍽️'),
  ('mushroom-grill', '버섯구이', '가을', 'autumn', '고소한 날', 15500, '#9c7354', '🍽️'),
  ('mushroom-jeon', '버섯전', '가을', 'autumn', '비 오는 날', 14300, '#a07852', '🍽️'),
  ('mushroom-pasta', '버섯파스타', '가을', 'autumn', '집밥 먹는 날', 13700, '#9b7658', '🍽️'),
  ('mushroom-soup', '버섯탕', '가을', 'autumn', '뜨끈한 날', 11400, '#8f6f54', '🍽️'),
  ('mushroom-jjigae', '버섯찌개', '가을', 'autumn', '뜨끈한 날', 12800, '#9d684c', '🍽️'),
  ('mushroom-stir-fry', '버섯볶음', '가을', 'autumn', '반찬 만드는 날', 10900, '#967052', '🍽️'),
  ('mushroom-fried', '버섯튀김', '가을', 'autumn', '바삭한 날', 15600, '#b4864c', '🍽️'),
  ('pear-salad', '배 샐러드', '가을', 'autumn', '가벼운 날', 11600, '#caa95a', '🍽️'),
  ('chestnut-rice', '밤 솥밥', '가을', 'autumn', '든든한 날', 9200, '#8c6a42', '🍽️'),
  ('pumpkin-soup', '단호박 수프', '가을', 'autumn', '부드러운 날', 9000, '#d88a38', '🍽️'),
  ('apple-pork-salad', '사과 돼지고기 샐러드', '가을', 'autumn', '상큼한 날', 15000, '#d95d5d', '🍽️'),
  ('shrimp-salt-grill', '대하 소금구이', '가을', 'autumn', '고소한 날', 15300, '#d98b55', '🍽️'),
  ('persimmon-salad', '감 샐러드', '가을', 'autumn', '달콤한 날', 12100, '#d9893c', '🍽️'),
  ('fig-toast', '무화과 토스트', '가을', 'autumn', '브런치 날', 15600, '#9b5f7b', '🍽️'),
  ('mackerel-grill', '고등어구이', '가을', 'autumn', '집밥 먹는 날', 9800, '#4f7890', '🍽️'),
  ('oyster-gukbap', '굴국밥', '겨울', 'winter', '따뜻한 날', 10000, '#4f97b8', '🍽️'),
  ('radish-beef-soup', '무 소고기국', '겨울', 'winter', '시원한 국물', 12000, '#7fa7b8', '🍽️'),
  ('cabbage-hotpot', '배추 밀푀유나베', '겨울', 'winter', '추운 날', 17300, '#7fb86a', '🍽️'),
  ('mandarin-pudding', '귤 푸딩', '겨울', 'winter', '간식 시간', 9300, '#f2a13b', '🍽️'),
  ('cod-stew', '대구탕', '겨울', 'winter', '뜨끈한 날', 13900, '#4f8faf', '🍽️'),
  ('spinach-namul', '시금치 나물', '겨울', 'winter', '담백한 반찬', 11300, '#5f9f68', '🍽️'),
  ('cockle-bibimbap', '꼬막 비빔밥', '겨울', 'winter', '감칠맛 나는 날', 13200, '#8a6a58', '🍽️'),
  ('lotus-root-jorim', '연근 조림', '겨울', 'winter', '아삭한 반찬', 10900, '#b48a64', '🍽️'),
  ('burdock-gimbap', '우엉 김밥', '겨울', 'winter', '든든한 도시락', 8800, '#9c744c', '🍽️'),
  ('hallabong-salad', '한라봉 샐러드', '겨울', 'winter', '상큼한 날', 16200, '#f29a3b', '🍽️'),
  ('yellowtail-sashimi-bowl', '방어 덮밥', '겨울', 'winter', '기름진 제철', 16800, '#4f8faf', '🍽️')
on conflict (id) do update set
  name = excluded.name,
  season = excluded.season,
  season_key = excluded.season_key,
  weather = excluded.weather,
  exp = excluded.exp,
  color = excluded.color,
  image_fallback = excluded.image_fallback;

with synced_menus(id) as (
  values
  ('spring-herb-bibimbap'),
  ('dallae-soy-noodle'),
  ('naengi-soybean-soup'),
  ('strawberry-toast'),
  ('strawberry-salad'),
  ('jukkumi-stir-fry'),
  ('spring-cabbage-geotjeori'),
  ('dureup-tempura'),
  ('minari-pancake'),
  ('mugwort-soup'),
  ('bamboo-shoot-rice'),
  ('clam-kalguksu'),
  ('watermelon-kongguksu'),
  ('watermelon-feta-salad'),
  ('watermelon-bingsu'),
  ('watermelon-salad'),
  ('watermelon-hwachae'),
  ('watermelon-punch'),
  ('watermelon-juice'),
  ('watermelon-smoothie'),
  ('watermelon-sherbet'),
  ('peach-caprese'),
  ('peach-yogurt-bowl'),
  ('peach-bingsu'),
  ('peach-cheong'),
  ('peach-compote'),
  ('peach-jorim'),
  ('peach-salad'),
  ('peach-sangria'),
  ('peach-smoothie'),
  ('peach-tart'),
  ('peach-cake'),
  ('corn-pot-rice'),
  ('corn-cold-soup'),
  ('corn-boiled'),
  ('corn-grill'),
  ('corn-butter-grill'),
  ('corn-cream-soup'),
  ('corn-jeon'),
  ('corn-rice'),
  ('corn-salad'),
  ('tomato-cold-pasta'),
  ('tomato-marinade'),
  ('tomato-pickle'),
  ('tomato-caprese'),
  ('tomato-egg-stir-fry'),
  ('tomato-salad'),
  ('tomato-pasta'),
  ('tomato-soup'),
  ('cucumber-cold-soup'),
  ('cucumber-bibim-noodle'),
  ('cucumber-oiji'),
  ('cucumber-muchim'),
  ('cucumber-pickle'),
  ('cucumber-saengchae'),
  ('cucumber-sobagi'),
  ('cucumber-salad'),
  ('eggplant-donburi'),
  ('eggplant-grill'),
  ('eggplant-namul'),
  ('eggplant-jeon'),
  ('eggplant-pasta'),
  ('eggplant-stir-fry'),
  ('eggplant-fried'),
  ('melon-smoothie'),
  ('melon-juice'),
  ('melon-ade'),
  ('melon-hwachae'),
  ('melon-muchim'),
  ('melon-salad'),
  ('melon-sobagi'),
  ('pepper-jeon'),
  ('pepper-anchovy-stir-fry'),
  ('pepper-beef-stir-fry'),
  ('pepper-muchim'),
  ('pepper-jangajji'),
  ('zucchini-pancake'),
  ('zucchini-doenjang-jjigae'),
  ('zucchini-jeongol'),
  ('zucchini-namul'),
  ('zucchini-stir-fry'),
  ('perilla-leaf-rice'),
  ('perilla-jeon'),
  ('perilla-kimchi'),
  ('perilla-jangajji'),
  ('potato-salad'),
  ('potato-jeon'),
  ('potato-jorim'),
  ('potato-soup'),
  ('potato-stir-fry'),
  ('young-radish-noodle'),
  ('young-radish-bibimbap'),
  ('young-radish-doenjang-muchim'),
  ('young-radish-kimchi'),
  ('plum-ade'),
  ('plum-cheong'),
  ('plum-jam'),
  ('plum-salad'),
  ('plum-tart'),
  ('grape-yogurt'),
  ('grape-cheong'),
  ('grape-jam'),
  ('grape-juice'),
  ('grape-salad'),
  ('eel-rice-bowl'),
  ('eel-baeksuk'),
  ('eel-grill'),
  ('eel-jorim'),
  ('eel-soup'),
  ('gizzard-shad-salad'),
  ('gizzard-shad-grill'),
  ('gizzard-shad-jorim'),
  ('gizzard-shad-sashimi'),
  ('gizzard-shad-ssam'),
  ('gizzard-shad-fried'),
  ('sweet-potato-gratin'),
  ('sweet-potato-roasted'),
  ('sweet-potato-bread'),
  ('sweet-potato-cheese-bake'),
  ('sweet-potato-makgeolli'),
  ('sweet-potato-matang'),
  ('sweet-potato-salad'),
  ('sweet-potato-soup'),
  ('sweet-potato-latte'),
  ('sweet-potato-fried'),
  ('mushroom-hotpot'),
  ('mushroom-bulgogi'),
  ('mushroom-gangjeong'),
  ('mushroom-grill'),
  ('mushroom-jeon'),
  ('mushroom-pasta'),
  ('mushroom-soup'),
  ('mushroom-jjigae'),
  ('mushroom-stir-fry'),
  ('mushroom-fried'),
  ('pear-salad'),
  ('chestnut-rice'),
  ('pumpkin-soup'),
  ('apple-pork-salad'),
  ('shrimp-salt-grill'),
  ('persimmon-salad'),
  ('fig-toast'),
  ('mackerel-grill'),
  ('oyster-gukbap'),
  ('radish-beef-soup'),
  ('cabbage-hotpot'),
  ('mandarin-pudding'),
  ('cod-stew'),
  ('spinach-namul'),
  ('cockle-bibimbap'),
  ('lotus-root-jorim'),
  ('burdock-gimbap'),
  ('hallabong-salad'),
  ('yellowtail-sashimi-bowl')
)
delete from public.menu_ingredients
where menu_id in (select id from synced_menus);

with synced_menus(id) as (
  values
  ('spring-herb-bibimbap'),
  ('dallae-soy-noodle'),
  ('naengi-soybean-soup'),
  ('strawberry-toast'),
  ('strawberry-salad'),
  ('jukkumi-stir-fry'),
  ('spring-cabbage-geotjeori'),
  ('dureup-tempura'),
  ('minari-pancake'),
  ('mugwort-soup'),
  ('bamboo-shoot-rice'),
  ('clam-kalguksu'),
  ('watermelon-kongguksu'),
  ('watermelon-feta-salad'),
  ('watermelon-bingsu'),
  ('watermelon-salad'),
  ('watermelon-hwachae'),
  ('watermelon-punch'),
  ('watermelon-juice'),
  ('watermelon-smoothie'),
  ('watermelon-sherbet'),
  ('peach-caprese'),
  ('peach-yogurt-bowl'),
  ('peach-bingsu'),
  ('peach-cheong'),
  ('peach-compote'),
  ('peach-jorim'),
  ('peach-salad'),
  ('peach-sangria'),
  ('peach-smoothie'),
  ('peach-tart'),
  ('peach-cake'),
  ('corn-pot-rice'),
  ('corn-cold-soup'),
  ('corn-boiled'),
  ('corn-grill'),
  ('corn-butter-grill'),
  ('corn-cream-soup'),
  ('corn-jeon'),
  ('corn-rice'),
  ('corn-salad'),
  ('tomato-cold-pasta'),
  ('tomato-marinade'),
  ('tomato-pickle'),
  ('tomato-caprese'),
  ('tomato-egg-stir-fry'),
  ('tomato-salad'),
  ('tomato-pasta'),
  ('tomato-soup'),
  ('cucumber-cold-soup'),
  ('cucumber-bibim-noodle'),
  ('cucumber-oiji'),
  ('cucumber-muchim'),
  ('cucumber-pickle'),
  ('cucumber-saengchae'),
  ('cucumber-sobagi'),
  ('cucumber-salad'),
  ('eggplant-donburi'),
  ('eggplant-grill'),
  ('eggplant-namul'),
  ('eggplant-jeon'),
  ('eggplant-pasta'),
  ('eggplant-stir-fry'),
  ('eggplant-fried'),
  ('melon-smoothie'),
  ('melon-juice'),
  ('melon-ade'),
  ('melon-hwachae'),
  ('melon-muchim'),
  ('melon-salad'),
  ('melon-sobagi'),
  ('pepper-jeon'),
  ('pepper-anchovy-stir-fry'),
  ('pepper-beef-stir-fry'),
  ('pepper-muchim'),
  ('pepper-jangajji'),
  ('zucchini-pancake'),
  ('zucchini-doenjang-jjigae'),
  ('zucchini-jeongol'),
  ('zucchini-namul'),
  ('zucchini-stir-fry'),
  ('perilla-leaf-rice'),
  ('perilla-jeon'),
  ('perilla-kimchi'),
  ('perilla-jangajji'),
  ('potato-salad'),
  ('potato-jeon'),
  ('potato-jorim'),
  ('potato-soup'),
  ('potato-stir-fry'),
  ('young-radish-noodle'),
  ('young-radish-bibimbap'),
  ('young-radish-doenjang-muchim'),
  ('young-radish-kimchi'),
  ('plum-ade'),
  ('plum-cheong'),
  ('plum-jam'),
  ('plum-salad'),
  ('plum-tart'),
  ('grape-yogurt'),
  ('grape-cheong'),
  ('grape-jam'),
  ('grape-juice'),
  ('grape-salad'),
  ('eel-rice-bowl'),
  ('eel-baeksuk'),
  ('eel-grill'),
  ('eel-jorim'),
  ('eel-soup'),
  ('gizzard-shad-salad'),
  ('gizzard-shad-grill'),
  ('gizzard-shad-jorim'),
  ('gizzard-shad-sashimi'),
  ('gizzard-shad-ssam'),
  ('gizzard-shad-fried'),
  ('sweet-potato-gratin'),
  ('sweet-potato-roasted'),
  ('sweet-potato-bread'),
  ('sweet-potato-cheese-bake'),
  ('sweet-potato-makgeolli'),
  ('sweet-potato-matang'),
  ('sweet-potato-salad'),
  ('sweet-potato-soup'),
  ('sweet-potato-latte'),
  ('sweet-potato-fried'),
  ('mushroom-hotpot'),
  ('mushroom-bulgogi'),
  ('mushroom-gangjeong'),
  ('mushroom-grill'),
  ('mushroom-jeon'),
  ('mushroom-pasta'),
  ('mushroom-soup'),
  ('mushroom-jjigae'),
  ('mushroom-stir-fry'),
  ('mushroom-fried'),
  ('pear-salad'),
  ('chestnut-rice'),
  ('pumpkin-soup'),
  ('apple-pork-salad'),
  ('shrimp-salt-grill'),
  ('persimmon-salad'),
  ('fig-toast'),
  ('mackerel-grill'),
  ('oyster-gukbap'),
  ('radish-beef-soup'),
  ('cabbage-hotpot'),
  ('mandarin-pudding'),
  ('cod-stew'),
  ('spinach-namul'),
  ('cockle-bibimbap'),
  ('lotus-root-jorim'),
  ('burdock-gimbap'),
  ('hallabong-salad'),
  ('yellowtail-sashimi-bowl')
)
delete from public.menu_seasonal_ingredients
where menu_id in (select id from synced_menus);

insert into public.menu_seasonal_ingredients (menu_id, ingredient_id) values
  ('spring-herb-bibimbap', 'dallae'),
  ('dallae-soy-noodle', 'dallae'),
  ('naengi-soybean-soup', 'naengi'),
  ('strawberry-toast', 'strawberry'),
  ('strawberry-salad', 'strawberry'),
  ('jukkumi-stir-fry', 'jukkumi'),
  ('spring-cabbage-geotjeori', 'spring-cabbage'),
  ('dureup-tempura', 'dureup'),
  ('minari-pancake', 'minari'),
  ('mugwort-soup', 'mugwort'),
  ('bamboo-shoot-rice', 'bamboo-shoot'),
  ('clam-kalguksu', 'clam'),
  ('watermelon-kongguksu', 'watermelon'),
  ('watermelon-feta-salad', 'watermelon'),
  ('watermelon-bingsu', 'watermelon'),
  ('watermelon-salad', 'watermelon'),
  ('watermelon-hwachae', 'watermelon'),
  ('watermelon-punch', 'watermelon'),
  ('watermelon-juice', 'watermelon'),
  ('watermelon-smoothie', 'watermelon'),
  ('watermelon-sherbet', 'watermelon'),
  ('peach-caprese', 'peach'),
  ('peach-yogurt-bowl', 'peach'),
  ('peach-bingsu', 'peach'),
  ('peach-cheong', 'peach'),
  ('peach-compote', 'peach'),
  ('peach-jorim', 'peach'),
  ('peach-salad', 'peach'),
  ('peach-sangria', 'peach'),
  ('peach-smoothie', 'peach'),
  ('peach-tart', 'peach'),
  ('peach-cake', 'peach'),
  ('corn-pot-rice', 'corn'),
  ('corn-cold-soup', 'corn'),
  ('corn-boiled', 'corn'),
  ('corn-grill', 'corn'),
  ('corn-butter-grill', 'corn'),
  ('corn-cream-soup', 'corn'),
  ('corn-jeon', 'corn'),
  ('corn-rice', 'corn'),
  ('corn-salad', 'corn'),
  ('tomato-cold-pasta', 'tomato'),
  ('tomato-marinade', 'tomato'),
  ('tomato-pickle', 'tomato'),
  ('tomato-caprese', 'tomato'),
  ('tomato-egg-stir-fry', 'tomato'),
  ('tomato-salad', 'tomato'),
  ('tomato-pasta', 'tomato'),
  ('tomato-soup', 'tomato'),
  ('cucumber-cold-soup', 'cucumber'),
  ('cucumber-bibim-noodle', 'cucumber'),
  ('cucumber-oiji', 'cucumber'),
  ('cucumber-muchim', 'cucumber'),
  ('cucumber-pickle', 'cucumber'),
  ('cucumber-saengchae', 'cucumber'),
  ('cucumber-sobagi', 'cucumber'),
  ('cucumber-salad', 'cucumber'),
  ('eggplant-donburi', 'eggplant'),
  ('eggplant-grill', 'eggplant'),
  ('eggplant-namul', 'eggplant'),
  ('eggplant-jeon', 'eggplant'),
  ('eggplant-pasta', 'eggplant'),
  ('eggplant-stir-fry', 'eggplant'),
  ('eggplant-fried', 'eggplant'),
  ('melon-smoothie', 'melon'),
  ('melon-juice', 'melon'),
  ('melon-ade', 'melon'),
  ('melon-hwachae', 'melon'),
  ('melon-muchim', 'melon'),
  ('melon-salad', 'melon'),
  ('melon-sobagi', 'melon'),
  ('pepper-jeon', 'pepper'),
  ('pepper-anchovy-stir-fry', 'pepper'),
  ('pepper-beef-stir-fry', 'pepper'),
  ('pepper-muchim', 'pepper'),
  ('pepper-jangajji', 'pepper'),
  ('zucchini-pancake', 'zucchini'),
  ('zucchini-doenjang-jjigae', 'zucchini'),
  ('zucchini-jeongol', 'zucchini'),
  ('zucchini-namul', 'zucchini'),
  ('zucchini-stir-fry', 'zucchini'),
  ('perilla-leaf-rice', 'perilla-leaf'),
  ('perilla-jeon', 'perilla-leaf'),
  ('perilla-kimchi', 'perilla-leaf'),
  ('perilla-jangajji', 'perilla-leaf'),
  ('potato-salad', 'potato'),
  ('potato-jeon', 'potato'),
  ('potato-jorim', 'potato'),
  ('potato-soup', 'potato'),
  ('potato-stir-fry', 'potato'),
  ('young-radish-noodle', 'young-radish'),
  ('young-radish-bibimbap', 'young-radish'),
  ('young-radish-doenjang-muchim', 'young-radish'),
  ('young-radish-kimchi', 'young-radish'),
  ('plum-ade', 'plum'),
  ('plum-cheong', 'plum'),
  ('plum-jam', 'plum'),
  ('plum-salad', 'plum'),
  ('plum-tart', 'plum'),
  ('grape-yogurt', 'grape'),
  ('grape-cheong', 'grape'),
  ('grape-jam', 'grape'),
  ('grape-juice', 'grape'),
  ('grape-salad', 'grape'),
  ('eel-rice-bowl', 'eel'),
  ('eel-baeksuk', 'eel'),
  ('eel-grill', 'eel'),
  ('eel-jorim', 'eel'),
  ('eel-soup', 'eel'),
  ('gizzard-shad-salad', 'gizzard-shad'),
  ('gizzard-shad-grill', 'gizzard-shad'),
  ('gizzard-shad-jorim', 'gizzard-shad'),
  ('gizzard-shad-sashimi', 'gizzard-shad'),
  ('gizzard-shad-ssam', 'gizzard-shad'),
  ('gizzard-shad-fried', 'gizzard-shad'),
  ('sweet-potato-gratin', 'sweet-potato'),
  ('sweet-potato-roasted', 'sweet-potato'),
  ('sweet-potato-bread', 'sweet-potato'),
  ('sweet-potato-cheese-bake', 'sweet-potato'),
  ('sweet-potato-makgeolli', 'sweet-potato'),
  ('sweet-potato-matang', 'sweet-potato'),
  ('sweet-potato-salad', 'sweet-potato'),
  ('sweet-potato-soup', 'sweet-potato'),
  ('sweet-potato-latte', 'sweet-potato'),
  ('sweet-potato-fried', 'sweet-potato'),
  ('mushroom-hotpot', 'mushroom'),
  ('mushroom-bulgogi', 'mushroom'),
  ('mushroom-gangjeong', 'mushroom'),
  ('mushroom-grill', 'mushroom'),
  ('mushroom-jeon', 'mushroom'),
  ('mushroom-pasta', 'mushroom'),
  ('mushroom-soup', 'mushroom'),
  ('mushroom-jjigae', 'mushroom'),
  ('mushroom-stir-fry', 'mushroom'),
  ('mushroom-fried', 'mushroom'),
  ('pear-salad', 'pear'),
  ('chestnut-rice', 'chestnut'),
  ('pumpkin-soup', 'pumpkin'),
  ('apple-pork-salad', 'apple'),
  ('shrimp-salt-grill', 'shrimp'),
  ('persimmon-salad', 'persimmon'),
  ('fig-toast', 'fig'),
  ('mackerel-grill', 'mackerel'),
  ('oyster-gukbap', 'oyster'),
  ('radish-beef-soup', 'radish'),
  ('cabbage-hotpot', 'cabbage'),
  ('mandarin-pudding', 'mandarin'),
  ('cod-stew', 'cod'),
  ('spinach-namul', 'spinach'),
  ('cockle-bibimbap', 'cockle'),
  ('lotus-root-jorim', 'lotus-root'),
  ('burdock-gimbap', 'burdock'),
  ('hallabong-salad', 'hallabong'),
  ('yellowtail-sashimi-bowl', 'yellowtail')
on conflict (menu_id, ingredient_id) do nothing;

insert into public.menu_ingredients (menu_id, name, quantity, price, sort_order) values
  ('spring-herb-bibimbap', '달래', '1묶음', 2500, 1),
  ('spring-herb-bibimbap', '냉이', '1봉', 2900, 2),
  ('spring-herb-bibimbap', '고추장', '1통', 3500, 3),
  ('dallae-soy-noodle', '달래', '1묶음', 2500, 1),
  ('dallae-soy-noodle', '소면', '1봉', 3200, 2),
  ('dallae-soy-noodle', '간장', '1병', 3100, 3),
  ('naengi-soybean-soup', '냉이', '1봉', 2900, 1),
  ('naengi-soybean-soup', '된장', '1통', 4200, 2),
  ('naengi-soybean-soup', '두부', '1모', 2500, 3),
  ('strawberry-toast', '딸기', '1팩', 6500, 1),
  ('strawberry-toast', '식빵', '1봉', 3200, 2),
  ('strawberry-toast', '생크림', '1팩', 3900, 3),
  ('strawberry-salad', '딸기', '1팩', 6500, 1),
  ('strawberry-salad', '리코타', '1팩', 5200, 2),
  ('strawberry-salad', '샐러드 채소', '1팩', 3200, 3),
  ('jukkumi-stir-fry', '주꾸미', '300g', 9800, 1),
  ('jukkumi-stir-fry', '양파', '1개', 1200, 2),
  ('jukkumi-stir-fry', '고추장', '1통', 3500, 3),
  ('spring-cabbage-geotjeori', '봄동', '1포기', 3200, 1),
  ('spring-cabbage-geotjeori', '쪽파', '1줌', 1800, 2),
  ('spring-cabbage-geotjeori', '고춧가루', '1봉', 4200, 3),
  ('dureup-tempura', '두릅', '1팩', 6200, 1),
  ('dureup-tempura', '튀김가루', '1봉', 3300, 2),
  ('dureup-tempura', '간장', '1병', 3100, 3),
  ('minari-pancake', '미나리', '1단', 3600, 1),
  ('minari-pancake', '부침가루', '1봉', 3300, 2),
  ('minari-pancake', '오징어', '1팩', 6900, 3),
  ('mugwort-soup', '쑥', '1봉', 2800, 1),
  ('mugwort-soup', '된장', '1통', 4200, 2),
  ('mugwort-soup', '두부', '1모', 2500, 3),
  ('bamboo-shoot-rice', '죽순', '1팩', 6200, 1),
  ('bamboo-shoot-rice', '쌀', '2컵', 1800, 2),
  ('bamboo-shoot-rice', '간장', '1병', 3100, 3),
  ('clam-kalguksu', '바지락', '300g', 7600, 1),
  ('clam-kalguksu', '칼국수면', '1봉', 3300, 2),
  ('clam-kalguksu', '애호박', '1개', 1800, 3),
  ('watermelon-kongguksu', '콩국수면', '1인분', 3200, 1),
  ('watermelon-kongguksu', '수박', '1/6통', 5800, 2),
  ('watermelon-kongguksu', '콩국물', '500ml', 4200, 3),
  ('watermelon-feta-salad', '수박', '1/8통', 3600, 1),
  ('watermelon-feta-salad', '샐러드 채소', '1팩', 3200, 2),
  ('watermelon-feta-salad', '페타치즈', '80g', 5200, 3),
  ('watermelon-bingsu', '수박', '1/4통', 5800, 1),
  ('watermelon-bingsu', '우유', '500ml', 3200, 2),
  ('watermelon-bingsu', '연유', '1개', 2800, 3),
  ('watermelon-salad', '수박', '1/8통', 3600, 1),
  ('watermelon-salad', '샐러드 채소', '1팩', 3200, 2),
  ('watermelon-salad', '치즈', '1봉', 4800, 3),
  ('watermelon-hwachae', '수박', '1/6통', 5800, 1),
  ('watermelon-hwachae', '탄산수', '1병', 1800, 2),
  ('watermelon-hwachae', '우유', '500ml', 3200, 3),
  ('watermelon-punch', '수박', '1/6통', 5800, 1),
  ('watermelon-punch', '탄산수', '1병', 1800, 2),
  ('watermelon-punch', '민트', '1팩', 1800, 3),
  ('watermelon-juice', '수박', '1/4통', 5800, 1),
  ('watermelon-juice', '꿀', '1병', 4300, 2),
  ('watermelon-smoothie', '수박', '1/5통', 5200, 1),
  ('watermelon-smoothie', '요거트', '1컵', 4200, 2),
  ('watermelon-smoothie', '우유', '500ml', 3200, 3),
  ('watermelon-sherbet', '수박', '1/4통', 5800, 1),
  ('watermelon-sherbet', '꿀', '1병', 4300, 2),
  ('watermelon-sherbet', '민트', '1팩', 1800, 3),
  ('peach-caprese', '복숭아', '2개', 6200, 1),
  ('peach-caprese', '모차렐라', '1팩', 4800, 2),
  ('peach-caprese', '바질', '1팩', 2500, 3),
  ('peach-yogurt-bowl', '복숭아', '1개', 3100, 1),
  ('peach-yogurt-bowl', '그릭요거트', '1컵', 4200, 2),
  ('peach-yogurt-bowl', '그래놀라', '1봉', 3900, 3),
  ('peach-bingsu', '복숭아', '2개', 6200, 1),
  ('peach-bingsu', '우유', '500ml', 3200, 2),
  ('peach-bingsu', '연유', '1개', 2800, 3),
  ('peach-cheong', '복숭아', '3개', 9300, 1),
  ('peach-cheong', '설탕', '1봉', 3200, 2),
  ('peach-compote', '복숭아', '2개', 6200, 1),
  ('peach-compote', '꿀', '1병', 4300, 2),
  ('peach-compote', '레몬', '1개', 1800, 3),
  ('peach-jorim', '복숭아', '2개', 6200, 1),
  ('peach-jorim', '꿀', '1병', 4300, 2),
  ('peach-salad', '복숭아', '2개', 6200, 1),
  ('peach-salad', '샐러드 채소', '1팩', 3200, 2),
  ('peach-salad', '치즈', '1봉', 4800, 3),
  ('peach-sangria', '복숭아', '2개', 6200, 1),
  ('peach-sangria', '탄산수', '1병', 1800, 2),
  ('peach-sangria', '베리', '1팩', 4200, 3),
  ('peach-smoothie', '복숭아', '2개', 6200, 1),
  ('peach-smoothie', '요거트', '1컵', 4200, 2),
  ('peach-smoothie', '우유', '500ml', 3200, 3),
  ('peach-tart', '복숭아', '2개', 6200, 1),
  ('peach-tart', '타르트지', '1개', 5200, 2),
  ('peach-tart', '크림', '1팩', 3600, 3),
  ('peach-cake', '복숭아', '2개', 6200, 1),
  ('peach-cake', '케이크 시트', '1개', 5200, 2),
  ('peach-cake', '생크림', '1팩', 4800, 3),
  ('corn-pot-rice', '초당옥수수', '2개', 5600, 1),
  ('corn-pot-rice', '쌀', '2컵', 1800, 2),
  ('corn-pot-rice', '버터', '1조각', 1200, 3),
  ('corn-cold-soup', '초당옥수수', '2개', 5600, 1),
  ('corn-cold-soup', '우유', '500ml', 2600, 2),
  ('corn-cold-soup', '양파', '1개', 1000, 3),
  ('corn-boiled', '초당옥수수', '2개', 5600, 1),
  ('corn-boiled', '소금', '1봉', 900, 2),
  ('corn-grill', '초당옥수수', '2개', 5600, 1),
  ('corn-grill', '굵은소금', '1봉', 1800, 2),
  ('corn-butter-grill', '초당옥수수', '2개', 5600, 1),
  ('corn-butter-grill', '버터', '1개', 3200, 2),
  ('corn-cream-soup', '초당옥수수', '2개', 5600, 1),
  ('corn-cream-soup', '우유', '500ml', 2600, 2),
  ('corn-cream-soup', '크림', '1팩', 3600, 3),
  ('corn-jeon', '초당옥수수', '2개', 5600, 1),
  ('corn-jeon', '부침가루', '1봉', 3300, 2),
  ('corn-jeon', '달걀', '6구', 4200, 3),
  ('corn-rice', '초당옥수수', '2개', 5600, 1),
  ('corn-rice', '쌀', '2컵', 1800, 2),
  ('corn-salad', '초당옥수수', '2개', 5600, 1),
  ('corn-salad', '샐러드 채소', '1팩', 3200, 2),
  ('corn-salad', '치즈', '1봉', 4800, 3),
  ('tomato-cold-pasta', '토마토', '3개', 4200, 1),
  ('tomato-cold-pasta', '파스타면', '1봉', 3300, 2),
  ('tomato-cold-pasta', '올리브오일', '1병', 6500, 3),
  ('tomato-marinade', '토마토', '4개', 5600, 1),
  ('tomato-marinade', '올리브오일', '1병', 6500, 2),
  ('tomato-marinade', '양파', '1개', 1000, 3),
  ('tomato-pickle', '방울토마토', '1팩', 6500, 1),
  ('tomato-pickle', '식초', '1병', 2800, 2),
  ('tomato-pickle', '설탕', '1봉', 3200, 3),
  ('tomato-caprese', '토마토', '3개', 4200, 1),
  ('tomato-caprese', '모차렐라', '1팩', 4800, 2),
  ('tomato-caprese', '바질', '1팩', 2500, 3),
  ('tomato-egg-stir-fry', '토마토', '3개', 4200, 1),
  ('tomato-egg-stir-fry', '달걀', '6구', 4200, 2),
  ('tomato-egg-stir-fry', '대파', '1대', 1200, 3),
  ('tomato-salad', '토마토', '3개', 4200, 1),
  ('tomato-salad', '샐러드 채소', '1팩', 3200, 2),
  ('tomato-salad', '치즈', '1봉', 4800, 3),
  ('tomato-pasta', '토마토', '3개', 4200, 1),
  ('tomato-pasta', '파스타면', '1봉', 3300, 2),
  ('tomato-pasta', '올리브오일', '1병', 6500, 3),
  ('tomato-soup', '토마토', '4개', 5600, 1),
  ('tomato-soup', '양파', '1개', 1000, 2),
  ('tomato-soup', '크림', '1팩', 3600, 3),
  ('cucumber-cold-soup', '오이', '2개', 2600, 1),
  ('cucumber-cold-soup', '미역', '1봉', 2200, 2),
  ('cucumber-cold-soup', '식초', '1병', 2900, 3),
  ('cucumber-bibim-noodle', '오이', '1개', 1300, 1),
  ('cucumber-bibim-noodle', '소면', '1봉', 3200, 2),
  ('cucumber-bibim-noodle', '고추장', '1통', 3500, 3),
  ('cucumber-oiji', '오이', '3개', 3900, 1),
  ('cucumber-oiji', '식초', '1병', 2900, 2),
  ('cucumber-oiji', '소금', '1봉', 900, 3),
  ('cucumber-muchim', '오이', '2개', 2600, 1),
  ('cucumber-muchim', '고춧가루', '1봉', 4200, 2),
  ('cucumber-muchim', '참기름', '1병', 5900, 3),
  ('cucumber-pickle', '오이', '3개', 3900, 1),
  ('cucumber-pickle', '식초', '1병', 2900, 2),
  ('cucumber-pickle', '설탕', '1봉', 3200, 3),
  ('cucumber-saengchae', '오이', '2개', 2600, 1),
  ('cucumber-saengchae', '깨', '1봉', 2200, 2),
  ('cucumber-saengchae', '참기름', '1병', 5900, 3),
  ('cucumber-sobagi', '오이', '4개', 5200, 1),
  ('cucumber-sobagi', '부추', '1줌', 2200, 2),
  ('cucumber-sobagi', '고춧가루', '1봉', 4200, 3),
  ('cucumber-salad', '오이', '2개', 2600, 1),
  ('cucumber-salad', '샐러드 채소', '1팩', 3200, 2),
  ('cucumber-salad', '치즈', '1봉', 4800, 3),
  ('eggplant-donburi', '가지', '2개', 3200, 1),
  ('eggplant-donburi', '밥', '1공기', 1200, 2),
  ('eggplant-donburi', '간장', '1병', 3100, 3),
  ('eggplant-grill', '가지', '2개', 3200, 1),
  ('eggplant-grill', '올리브오일', '1병', 6500, 2),
  ('eggplant-grill', '소금', '1봉', 900, 3),
  ('eggplant-namul', '가지', '2개', 3200, 1),
  ('eggplant-namul', '간장', '1병', 3100, 2),
  ('eggplant-namul', '참기름', '1병', 5900, 3),
  ('eggplant-jeon', '가지', '2개', 3200, 1),
  ('eggplant-jeon', '달걀', '6구', 4200, 2),
  ('eggplant-jeon', '부침가루', '1봉', 3300, 3),
  ('eggplant-pasta', '가지', '1개', 1600, 1),
  ('eggplant-pasta', '파스타면', '1봉', 3300, 2),
  ('eggplant-pasta', '토마토', '2개', 2800, 3),
  ('eggplant-stir-fry', '가지', '2개', 3200, 1),
  ('eggplant-stir-fry', '양파', '1개', 1000, 2),
  ('eggplant-stir-fry', '간장', '1병', 3100, 3),
  ('eggplant-fried', '가지', '2개', 3200, 1),
  ('eggplant-fried', '튀김가루', '1봉', 3600, 2),
  ('eggplant-fried', '식용유', '1병', 5200, 3),
  ('melon-smoothie', '참외', '2개', 5400, 1),
  ('melon-smoothie', '요거트', '1컵', 3500, 2),
  ('melon-smoothie', '꿀', '1병', 4300, 3),
  ('melon-juice', '참외', '2개', 5400, 1),
  ('melon-juice', '꿀', '1병', 4300, 2),
  ('melon-juice', '얼음', '1컵', 800, 3),
  ('melon-ade', '참외', '2개', 5400, 1),
  ('melon-ade', '탄산수', '1병', 2200, 2),
  ('melon-ade', '레몬', '1개', 1500, 3),
  ('melon-hwachae', '참외', '2개', 5400, 1),
  ('melon-hwachae', '우유', '1팩', 2800, 2),
  ('melon-hwachae', '얼음', '1컵', 800, 3),
  ('melon-muchim', '참외', '2개', 5400, 1),
  ('melon-muchim', '고춧가루', '1봉', 4200, 2),
  ('melon-muchim', '깨', '1봉', 2200, 3),
  ('melon-salad', '참외', '2개', 5400, 1),
  ('melon-salad', '샐러드 채소', '1팩', 3200, 2),
  ('melon-salad', '치즈', '1봉', 4800, 3),
  ('melon-sobagi', '참외', '3개', 8100, 1),
  ('melon-sobagi', '부추', '1줌', 2200, 2),
  ('melon-sobagi', '고춧가루', '1봉', 4200, 3),
  ('pepper-jeon', '꽈리고추', '1봉', 2400, 1),
  ('pepper-jeon', '두부', '1모', 2500, 2),
  ('pepper-jeon', '부침가루', '1봉', 3300, 3),
  ('pepper-anchovy-stir-fry', '꽈리고추', '1봉', 2400, 1),
  ('pepper-anchovy-stir-fry', '멸치', '1봉', 4300, 2),
  ('pepper-anchovy-stir-fry', '간장', '1병', 3100, 3),
  ('pepper-beef-stir-fry', '꽈리고추', '1봉', 2400, 1),
  ('pepper-beef-stir-fry', '소고기', '200g', 7800, 2),
  ('pepper-beef-stir-fry', '간장', '1병', 3100, 3),
  ('pepper-muchim', '꽈리고추', '1봉', 2400, 1),
  ('pepper-muchim', '고춧가루', '1봉', 4200, 2),
  ('pepper-muchim', '깨', '1봉', 2200, 3),
  ('pepper-jangajji', '꽈리고추', '1봉', 2400, 1),
  ('pepper-jangajji', '간장', '1병', 3100, 2),
  ('pepper-jangajji', '식초', '1병', 2900, 3),
  ('zucchini-pancake', '애호박', '1개', 1800, 1),
  ('zucchini-pancake', '달걀', '6구', 4200, 2),
  ('zucchini-pancake', '부침가루', '1봉', 3300, 3),
  ('zucchini-doenjang-jjigae', '애호박', '1개', 1800, 1),
  ('zucchini-doenjang-jjigae', '된장', '1통', 3300, 2),
  ('zucchini-doenjang-jjigae', '두부', '1모', 2500, 3),
  ('zucchini-jeongol', '애호박', '1개', 1800, 1),
  ('zucchini-jeongol', '버섯', '1팩', 3200, 2),
  ('zucchini-jeongol', '두부', '1모', 2500, 3),
  ('zucchini-namul', '애호박', '1개', 1800, 1),
  ('zucchini-namul', '참기름', '1병', 5900, 2),
  ('zucchini-namul', '깨', '1봉', 2200, 3),
  ('zucchini-stir-fry', '애호박', '1개', 1800, 1),
  ('zucchini-stir-fry', '양파', '1개', 1000, 2),
  ('zucchini-stir-fry', '새우젓', '1병', 3300, 3),
  ('perilla-leaf-rice', '깻잎', '2묶음', 2800, 1),
  ('perilla-leaf-rice', '밥', '1공기', 1200, 2),
  ('perilla-leaf-rice', '쌈장', '1통', 3300, 3),
  ('perilla-jeon', '깻잎', '2묶음', 2800, 1),
  ('perilla-jeon', '달걀', '6구', 4200, 2),
  ('perilla-jeon', '부침가루', '1봉', 3300, 3),
  ('perilla-kimchi', '깻잎', '2묶음', 2800, 1),
  ('perilla-kimchi', '고춧가루', '1봉', 4200, 2),
  ('perilla-kimchi', '간장', '1병', 3100, 3),
  ('perilla-jangajji', '깻잎', '2묶음', 2800, 1),
  ('perilla-jangajji', '간장', '1병', 3100, 2),
  ('perilla-jangajji', '식초', '1병', 2900, 3),
  ('potato-salad', '감자', '3개', 3600, 1),
  ('potato-salad', '달걀', '6구', 4200, 2),
  ('potato-salad', '마요네즈', '1병', 3900, 3),
  ('potato-jeon', '감자', '3개', 3600, 1),
  ('potato-jeon', '부침가루', '1봉', 3300, 2),
  ('potato-jeon', '식용유', '1병', 5200, 3),
  ('potato-jorim', '감자', '3개', 3600, 1),
  ('potato-jorim', '간장', '1병', 3100, 2),
  ('potato-jorim', '올리고당', '1병', 3400, 3),
  ('potato-soup', '감자', '3개', 3600, 1),
  ('potato-soup', '우유', '1팩', 2800, 2),
  ('potato-soup', '양파', '1개', 1000, 3),
  ('potato-stir-fry', '감자', '3개', 3600, 1),
  ('potato-stir-fry', '당근', '1개', 1200, 2),
  ('potato-stir-fry', '식용유', '1병', 5200, 3),
  ('young-radish-noodle', '열무김치', '1팩', 5600, 1),
  ('young-radish-noodle', '소면', '1봉', 3200, 2),
  ('young-radish-noodle', '고추장', '1통', 3500, 3),
  ('young-radish-bibimbap', '열무김치', '1팩', 5600, 1),
  ('young-radish-bibimbap', '밥', '1공기', 1200, 2),
  ('young-radish-bibimbap', '고추장', '1통', 3500, 3),
  ('young-radish-doenjang-muchim', '열무', '1단', 3800, 1),
  ('young-radish-doenjang-muchim', '된장', '1통', 3300, 2),
  ('young-radish-doenjang-muchim', '깨', '1봉', 2200, 3),
  ('young-radish-kimchi', '열무', '1단', 3800, 1),
  ('young-radish-kimchi', '고춧가루', '1봉', 4200, 2),
  ('young-radish-kimchi', '마늘', '1봉', 2200, 3),
  ('plum-ade', '자두', '5개', 5800, 1),
  ('plum-ade', '탄산수', '1병', 1800, 2),
  ('plum-ade', '꿀', '1병', 4300, 3),
  ('plum-cheong', '자두', '5개', 5800, 1),
  ('plum-cheong', '설탕', '1봉', 3200, 2),
  ('plum-cheong', '레몬', '1개', 1500, 3),
  ('plum-jam', '자두', '5개', 5800, 1),
  ('plum-jam', '설탕', '1봉', 3200, 2),
  ('plum-jam', '레몬', '1개', 1500, 3),
  ('plum-salad', '자두', '4개', 4600, 1),
  ('plum-salad', '샐러드 채소', '1팩', 3200, 2),
  ('plum-salad', '치즈', '1봉', 4800, 3),
  ('plum-tart', '자두', '4개', 4600, 1),
  ('plum-tart', '타르트지', '1팩', 4200, 2),
  ('plum-tart', '크림치즈', '1팩', 5200, 3),
  ('grape-yogurt', '포도', '1송이', 6200, 1),
  ('grape-yogurt', '그릭요거트', '1컵', 4200, 2),
  ('grape-yogurt', '그래놀라', '1봉', 3900, 3),
  ('grape-cheong', '포도', '1송이', 6200, 1),
  ('grape-cheong', '설탕', '1봉', 3200, 2),
  ('grape-cheong', '레몬', '1개', 1500, 3),
  ('grape-jam', '포도', '1송이', 6200, 1),
  ('grape-jam', '설탕', '1봉', 3200, 2),
  ('grape-jam', '레몬', '1개', 1500, 3),
  ('grape-juice', '포도', '1송이', 6200, 1),
  ('grape-juice', '얼음', '1컵', 800, 2),
  ('grape-juice', '꿀', '1병', 4300, 3),
  ('grape-salad', '포도', '1송이', 6200, 1),
  ('grape-salad', '샐러드 채소', '1팩', 3200, 2),
  ('grape-salad', '치즈', '1봉', 4800, 3),
  ('eel-rice-bowl', '장어', '1팩', 14800, 1),
  ('eel-rice-bowl', '밥', '1공기', 1200, 2),
  ('eel-rice-bowl', '데리야키소스', '1병', 3900, 3),
  ('eel-baeksuk', '장어', '1팩', 14800, 1),
  ('eel-baeksuk', '대추', '1봉', 3200, 2),
  ('eel-baeksuk', '대파', '1단', 1300, 3),
  ('eel-grill', '장어', '1팩', 14800, 1),
  ('eel-grill', '데리야키소스', '1병', 3900, 2),
  ('eel-grill', '생강', '1봉', 1800, 3),
  ('eel-jorim', '장어', '1팩', 14800, 1),
  ('eel-jorim', '무', '1개', 2200, 2),
  ('eel-jorim', '간장', '1병', 3100, 3),
  ('eel-soup', '장어', '1팩', 14800, 1),
  ('eel-soup', '시래기', '1봉', 2800, 2),
  ('eel-soup', '된장', '1통', 3300, 3),
  ('gizzard-shad-salad', '전어', '300g', 9800, 1),
  ('gizzard-shad-salad', '쪽파', '1줌', 1800, 2),
  ('gizzard-shad-salad', '고추장', '1통', 3500, 3),
  ('gizzard-shad-grill', '전어', '300g', 9800, 1),
  ('gizzard-shad-grill', '소금', '1봉', 900, 2),
  ('gizzard-shad-grill', '레몬', '1개', 1500, 3),
  ('gizzard-shad-jorim', '전어', '300g', 9800, 1),
  ('gizzard-shad-jorim', '무', '1개', 2200, 2),
  ('gizzard-shad-jorim', '간장', '1병', 3100, 3),
  ('gizzard-shad-sashimi', '전어', '300g', 9800, 1),
  ('gizzard-shad-sashimi', '깻잎', '1묶음', 1400, 2),
  ('gizzard-shad-sashimi', '초고추장', '1통', 3500, 3),
  ('gizzard-shad-ssam', '전어', '300g', 9800, 1),
  ('gizzard-shad-ssam', '상추', '1봉', 2600, 2),
  ('gizzard-shad-ssam', '쌈장', '1통', 3300, 3),
  ('gizzard-shad-fried', '전어', '300g', 9800, 1),
  ('gizzard-shad-fried', '튀김가루', '1봉', 3600, 2),
  ('gizzard-shad-fried', '식용유', '1병', 5200, 3),
  ('sweet-potato-gratin', '고구마', '2개', 4200, 1),
  ('sweet-potato-gratin', '치즈', '1봉', 4800, 2),
  ('sweet-potato-gratin', '우유', '500ml', 2600, 3),
  ('sweet-potato-roasted', '고구마', '3개', 6300, 1),
  ('sweet-potato-roasted', '버터', '1조각', 1200, 2),
  ('sweet-potato-roasted', '꿀', '1병', 4300, 3),
  ('sweet-potato-bread', '고구마', '2개', 4200, 1),
  ('sweet-potato-bread', '밀가루', '1봉', 3200, 2),
  ('sweet-potato-bread', '우유', '500ml', 2600, 3),
  ('sweet-potato-cheese-bake', '고구마', '2개', 4200, 1),
  ('sweet-potato-cheese-bake', '치즈', '1봉', 4800, 2),
  ('sweet-potato-cheese-bake', '버터', '1조각', 1200, 3),
  ('sweet-potato-makgeolli', '고구마', '2개', 4200, 1),
  ('sweet-potato-makgeolli', '막걸리', '1병', 3500, 2),
  ('sweet-potato-makgeolli', '꿀', '1병', 4300, 3),
  ('sweet-potato-matang', '고구마', '2개', 4200, 1),
  ('sweet-potato-matang', '설탕', '1봉', 3200, 2),
  ('sweet-potato-matang', '식용유', '1병', 5200, 3),
  ('sweet-potato-salad', '고구마', '2개', 4200, 1),
  ('sweet-potato-salad', '마요네즈', '1병', 3900, 2),
  ('sweet-potato-salad', '견과류', '1봉', 4500, 3),
  ('sweet-potato-soup', '고구마', '2개', 4200, 1),
  ('sweet-potato-soup', '우유', '500ml', 2600, 2),
  ('sweet-potato-soup', '양파', '1개', 1000, 3),
  ('sweet-potato-latte', '고구마', '1개', 2100, 1),
  ('sweet-potato-latte', '우유', '500ml', 2600, 2),
  ('sweet-potato-latte', '꿀', '1병', 4300, 3),
  ('sweet-potato-fried', '고구마', '2개', 4200, 1),
  ('sweet-potato-fried', '튀김가루', '1봉', 3600, 2),
  ('sweet-potato-fried', '식용유', '1병', 5200, 3),
  ('mushroom-hotpot', '버섯모둠', '1팩', 6800, 1),
  ('mushroom-hotpot', '육수', '1팩', 3300, 2),
  ('mushroom-hotpot', '쌀', '1컵', 1200, 3),
  ('mushroom-bulgogi', '버섯모둠', '1팩', 6800, 1),
  ('mushroom-bulgogi', '소고기', '200g', 7800, 2),
  ('mushroom-bulgogi', '간장', '1병', 3100, 3),
  ('mushroom-gangjeong', '버섯모둠', '1팩', 6800, 1),
  ('mushroom-gangjeong', '튀김가루', '1봉', 3600, 2),
  ('mushroom-gangjeong', '고추장', '1통', 3500, 3),
  ('mushroom-grill', '버섯모둠', '1팩', 6800, 1),
  ('mushroom-grill', '올리브오일', '1병', 6500, 2),
  ('mushroom-grill', '마늘', '1봉', 2200, 3),
  ('mushroom-jeon', '버섯모둠', '1팩', 6800, 1),
  ('mushroom-jeon', '달걀', '6구', 4200, 2),
  ('mushroom-jeon', '부침가루', '1봉', 3300, 3),
  ('mushroom-pasta', '버섯모둠', '1팩', 6800, 1),
  ('mushroom-pasta', '파스타면', '1봉', 3300, 2),
  ('mushroom-pasta', '크림', '1팩', 3600, 3),
  ('mushroom-soup', '버섯모둠', '1팩', 6800, 1),
  ('mushroom-soup', '육수', '1팩', 3300, 2),
  ('mushroom-soup', '대파', '1단', 1300, 3),
  ('mushroom-jjigae', '버섯모둠', '1팩', 6800, 1),
  ('mushroom-jjigae', '두부', '1모', 2500, 2),
  ('mushroom-jjigae', '고추장', '1통', 3500, 3),
  ('mushroom-stir-fry', '버섯모둠', '1팩', 6800, 1),
  ('mushroom-stir-fry', '양파', '1개', 1000, 2),
  ('mushroom-stir-fry', '간장', '1병', 3100, 3),
  ('mushroom-fried', '버섯모둠', '1팩', 6800, 1),
  ('mushroom-fried', '튀김가루', '1봉', 3600, 2),
  ('mushroom-fried', '식용유', '1병', 5200, 3),
  ('pear-salad', '배', '1개', 3800, 1),
  ('pear-salad', '루꼴라', '1팩', 3300, 2),
  ('pear-salad', '견과류', '1봉', 4500, 3),
  ('chestnut-rice', '밤', '1봉', 6200, 1),
  ('chestnut-rice', '쌀', '2컵', 1800, 2),
  ('chestnut-rice', '버터', '1조각', 1200, 3),
  ('pumpkin-soup', '단호박', '1통', 5200, 1),
  ('pumpkin-soup', '우유', '500ml', 2600, 2),
  ('pumpkin-soup', '양파', '1개', 1200, 3),
  ('apple-pork-salad', '사과', '2개', 4200, 1),
  ('apple-pork-salad', '돼지고기', '200g', 7600, 2),
  ('apple-pork-salad', '샐러드 채소', '1팩', 3200, 3),
  ('shrimp-salt-grill', '대하', '300g', 12000, 1),
  ('shrimp-salt-grill', '굵은소금', '1봉', 1800, 2),
  ('shrimp-salt-grill', '레몬', '1개', 1500, 3),
  ('persimmon-salad', '감', '2개', 4300, 1),
  ('persimmon-salad', '루꼴라', '1팩', 3300, 2),
  ('persimmon-salad', '견과류', '1봉', 4500, 3),
  ('fig-toast', '무화과', '4개', 7200, 1),
  ('fig-toast', '식빵', '1봉', 3200, 2),
  ('fig-toast', '크림치즈', '1통', 5200, 3),
  ('mackerel-grill', '고등어', '1마리', 6800, 1),
  ('mackerel-grill', '무', '1/4개', 1500, 2),
  ('mackerel-grill', '레몬', '1개', 1500, 3),
  ('oyster-gukbap', '생굴', '200g', 7600, 1),
  ('oyster-gukbap', '대파', '1대', 1200, 2),
  ('oyster-gukbap', '쌀', '1공기', 1200, 3),
  ('radish-beef-soup', '무', '1/3개', 1900, 1),
  ('radish-beef-soup', '소고기', '200g', 8900, 2),
  ('radish-beef-soup', '대파', '1대', 1200, 3),
  ('cabbage-hotpot', '배추', '1/2포기', 4200, 1),
  ('cabbage-hotpot', '샤브샤브용 고기', '300g', 9800, 2),
  ('cabbage-hotpot', '육수', '1팩', 3300, 3),
  ('mandarin-pudding', '귤', '5개', 4300, 1),
  ('mandarin-pudding', '우유', '500ml', 2600, 2),
  ('mandarin-pudding', '젤라틴', '1봉', 2400, 3),
  ('cod-stew', '대구', '1팩', 9800, 1),
  ('cod-stew', '무', '1/4개', 1500, 2),
  ('cod-stew', '쑥갓', '1봉', 2600, 3),
  ('spinach-namul', '시금치', '1단', 3200, 1),
  ('spinach-namul', '참기름', '1병', 5900, 2),
  ('spinach-namul', '깨', '1봉', 2200, 3),
  ('cockle-bibimbap', '꼬막', '300g', 9800, 1),
  ('cockle-bibimbap', '밥', '1공기', 1200, 2),
  ('cockle-bibimbap', '부추', '1줌', 2200, 3),
  ('lotus-root-jorim', '연근', '1팩', 4200, 1),
  ('lotus-root-jorim', '간장', '1병', 3100, 2),
  ('lotus-root-jorim', '올리고당', '1병', 3600, 3),
  ('burdock-gimbap', '우엉', '1팩', 3600, 1),
  ('burdock-gimbap', '김', '1봉', 2800, 2),
  ('burdock-gimbap', '밥', '2공기', 2400, 3),
  ('hallabong-salad', '한라봉', '2개', 7800, 1),
  ('hallabong-salad', '샐러드 채소', '1팩', 3200, 2),
  ('hallabong-salad', '리코타', '1팩', 5200, 3),
  ('yellowtail-sashimi-bowl', '방어', '200g', 13800, 1),
  ('yellowtail-sashimi-bowl', '밥', '1공기', 1200, 2),
  ('yellowtail-sashimi-bowl', '무순', '1팩', 1800, 3);

commit;

-- 확인용
select
  (select count(*) from public.seasonal_ingredients) as seasonal_ingredients_count,
  (select count(*) from public.menus) as menus_count,
  (select count(*) from public.menu_seasonal_ingredients) as menu_seasonal_links_count,
  (select count(*) from public.menu_ingredients) as menu_ingredients_count;
